{
    "name": "teleport",
    "title": "Teleport",
    "description": "<p>With Teleport you can move a token between two points of a scene or between scenes.</p>",
    "author": "knassher",
    "version": "2.0.6",
    "minimumCoreVersion": "0.6.0",
    "compatibleCoreVersion":"0.6.1",
    "socket": true,
    "scripts": [
        "scripts/teleportsheetconfig.js",
        "scripts/teleportpoint.js",
        "scripts/teleport.js"
        ],
      "styles": [
        "css/teleport.css"
      ],
    "url": "https://github.com/knassher/FVTT-Teleport",
    "manifest": "https://raw.githubusercontent.com/knassher/FVTT-Teleport/master/module.json",
    "download": "https://github.com/knassher/FVTT-Teleport/raw/master/packages/teleport.2.0.6.zip"
}