{
    "name": "teleport",
    "title": "Teleport",
    "description": "<p>With Teleport you can move a token between two points of a scene or between scenes.</p>",
    "author": "knassher",
    "version": "1.0.2",
    "minimumCoreVersion": "0.5.3",
    "scripts": [
        "scripts/teleportsheetconfig.js",
        "scripts/teleportpoint.js",
        "scripts/teleport.js"
        ],
    "url": "https://github.com/knassher/FVTT-Teleport",
    "manifest": "https://raw.githubusercontent.com/knassher/FVTT-Teleport/master/module.json",
    "download": "https://github.com/knassher/FVTT-Teleport/raw/master/packages/teleport.1.0.2.zip",
    "socket": true
}